,DogName
1,
790,aasa
2617,aatu
1808,abbey
794,abbi
2107,abbie
2429,abby
2365,abe
2253,abel
1841,aberlour
2911,abi
2338,abigail
2822,abraham
2710,ace
933,acer
2259,achilles
3651,ada
629,adak
2968,adam
3545,addie
3054,addy
2459,adelaide
3212,adele
1590,adelyn
168,adora
140,aeon
2368,agate
1488,agatha
3437,aglu
489,agnes
3583,aiko
1238,aiofa
143,aiyana
3557,ajax
1073,ajaxx
2272,ak
1656,akeela
703,aker
1804,aki
2821,akira
1903,akito
3473,akutan
1221,alakanuk
763,alani
2426,alaric
687,albert
2347,albus
1711,alex
1143,alexander
3361,alexis
1614,alexxee
1812,alf
1410,alfalfa
2810,alfie
3518,ali
2145,alice
2059,alikade
2633,alinafreya
385,allie
563,alliyah
3453,ally
2743,almond
1411,alta
2662,aly
3597,alyeska
2574,amak
2940,amber
2324,amberlyn
3648,amelia
1627,america
1701,ami
2953,amina
3694,amir
3616,amira
545,amos
1456,amy
2389,anakin
1591,anchor
2506,andre
993,andy
298,angel
2482,angelina
3693,angie
2709,angua
1152,angus
3191,ani
322,ania
1525,aniak
214,aniot
1844,anna
23,annabell
663,annabella
3178,annabelle
343,annapurna
2208,anni
472,annie
2480,anowik
1908,anschutz
297,anthony
678,anubis
1145,aoife
1857,aphrodite
1536,apollo
561,appa
2558,apple
3576,applejax
2698,april
2322,apu
3708,aquila
2335,arbell
3164,arcadia
2631,archer
3150,archie
3524,arckos
3641,ardbeg
2752,arec
2067,ares
215,argo
1484,argos
259,aria
1248,arial
2105,arie
3103,ariel
3280,aries
1818,arlo
2862,armani
767,arnold
761,arrow
2441,artemis
597,arthur
3686,arti
604,arwen
3055,ary
457,arya
2814,ash
158,asha
2464,ashe
936,asher
2775,ashleigh
2166,askole
2520,aslan
2225,aspen
1023,asta
789,astro
1547,asuna
319,athena
635,atigun
90,atilla
618,atka
3609,atl
3269,atlas
2427,atom
2124,atos
26,atreyu
1992,atticus
1934,attu
437,aubrey
676,audi
2882,audie
2763,audrey
1505,auggie
2856,augie
2673,august
943,augustus
2771,auri
2950,aurora
3650,aussie
520,austin
992,autumn
1636,autzen
2866,auxen
3553,ava
937,avalanche
2195,avery
1587,axel
2372,axl
499,axle
2625,axton
438,ay
3091,ayaaya
3575,ayla
1102,aymeric
851,azul
3014,azula
863,baan
2789,babe
3386,baby
2702,babybaby
2711,babygirl
1360,bacchus
3270,bacon
530,badger
281,bae
1889,bagheera
3582,baila
3321,bailee
2921,bailey
1757,baily
3301,baiya
1005,baker
2228,balo
1447,baloo
2589,balto
1789,bam
3690,bambi
465,bamboo
2440,bandit
1569,bane
2696,banjo
2967,bara
1352,barclay
163,barf
923,barkely
2232,barkley
1072,barkus
2855,barley
1786,barnaby
897,barney
869,baron
1567,barracuda
882,barret
2050,barrett
2593,barron
121,barry
3749,bart
3172,bartlett
2,bas
1045,basil
398,basker
3540,basko
1534,batman
1474,bauer
2306,baxter
1196,baya
3293,bayla
2077,baylee
2825,bb
169,bea
1660,beamer
712,bean
2458,beanie
2192,beans
99,beansidhe
1174,bear
3251,bearcoot
567,beast
3195,beatrix
1133,beau
2973,beaufort
682,beauregard
1673,beauti
2106,beaver
1689,beba
3422,bebe
3291,beca
1224,becka
3118,becker
1313,becky
3218,bee
1052,beef
309,beefcake
864,beemo
2549,beerus
157,beetle
3371,beevie
627,bell
3685,bella
63,belladona
2536,bellah
180,bellatrix
353,belle
2813,belvedere
601,ben
2582,benelli
2353,benito
1917,benjamin
135,benji
3365,benne
203,bennett
3050,bennie
510,benny
149,benson
1247,bentley
531,bently
886,beorn
1386,beowulf
1692,beren
3089,beretta
1065,bergeron
3647,bernard
2718,bernie
1751,bernoulli
1056,berry
3487,bert
792,bertie
1279,bertuzzi
3235,besito
218,bessa
3703,bessie
453,beta
741,betsy
70,bettles
715,betty
3555,bex
985,beyla
3718,bhelin
3450,bianca
1364,bibi
2064,biesen
2205,big
3244,biggie
1787,biggs
2801,bijou
1481,biko
3348,bill
2519,billy
714,bindi
1277,bingo
839,bink
2566,bino
3658,biscuit
474,bishop
328,bisket
2778,bitsy
3438,bitzer
51,bj
1791,bjorn
2423,black
2075,blackie
516,blackjack
787,blacky
3635,blake
2369,blanca
1977,blanco
2675,blaze
432,blessing
3737,bleu
889,bling
1721,blinkey
3481,blitz
732,blitzen
83,blizzard
2470,blondie
1694,blossom
128,blu
1232,blue
3612,blueberry
3310,bo
2089,boaz
1318,bob
3111,boba
2004,bobbi
3655,bobby
2021,bobo
2840,bocephus
690,bodak
3444,bode
3229,bodee
2912,bodey
2082,bodhi
3327,bodi
3722,bodie
1058,bodybag
644,bogey
3351,bogie
1827,bojangles
2182,bolt
373,bomber
667,bond
844,bones
2748,bonita
3232,bonnie
1750,bonsai
2271,boo
3571,booboo
2842,boogie
624,boogle
1583,boojo
2665,boomer
2957,boone
600,boots
1616,bootsie
3202,boozie
1735,bora
1642,boria
2291,boris
2637,bosco
3113,boshko
805,boss
65,bossy
2540,boulder
3439,bowee
2823,bowen
331,bowmore
3213,bowser
3587,braaap
2091,braddah
2323,braddock
780,bradley
2938,brady
1996,brae
2735,bram
2587,brandee
1834,brandi
1629,brandilynn
1899,brando
3752,brandy
1288,braum
1093,brave
3056,braya
659,brazen
1071,breck
2222,bree
705,breeze
2732,breezy
3102,brenda
1868,brenin
649,brenner
3452,brew
2058,brewski
3326,breyla
2758,bria
342,brian
1524,briana
708,bridger
1414,bridget
2255,bridgette
1033,brindi
695,brindle
1909,brio
1654,briosca
1476,bristol
2782,brock
2494,broddi
782,brodie
3719,brody
2564,brogan
3179,bron
117,bronius
2328,bronson
1084,brook
1795,brooklyn
5,brooks
1134,brooster
858,broseph
1243,brown
2971,brownie
283,browzer
1397,bruce
490,bruiser
11,brujah
3564,brundi
3171,bruno
2880,brush
2750,brutus
2010,bruzer
3611,bryce
1051,bryndle
3613,brynn
3245,buba
2764,bubba
2085,bubblez
3062,bubby
2997,buck
2551,buckaroo
1148,bucket
3053,buckley
1330,buckshot
3435,bucky
1926,bud
3700,buddah
1455,buddha
1385,buddy
55,bueller
3572,buffy
2469,bug
2588,bugs
238,bugsby
941,bugsy
1262,bukum
1958,bullet
820,bullitt
2172,bunkie
2424,bunky
722,bunta
3632,buoy
2650,burberry
3036,burke
2766,burly
1079,burner
970,burt
927,burton
3673,bushido
1162,buster
594,busy
1109,butch
1874,butcher
2693,butkus
3304,butter
1389,buttercup
247,butters
2894,butterscotch
1600,buttons
3392,buxton
455,buzz
1357,byron
1755,cabanna
1311,cabo
2572,cache
1305,cacy
1931,caden
895,caesar
1098,caicos
2346,cailou
836,cairo
248,caite
292,calamity
314,cali
1862,callahan
2738,callaway
1055,callie
2071,cally
2510,calvin
2891,calypso
2568,camberlynn
2769,camden
819,cami
3241,camille
1220,camper
364,candace
136,candy
2178,cane
2852,canisa
3615,cannon
3625,canyon
1863,capone
2509,cappuccino
3061,captain
3067,cara
1342,caramel
220,carbon
3222,cardhu
807,cardi
3328,carina
2462,carl
1887,carlie
384,carlos
202,carly
1771,carmello
775,carrie
1179,carson
1123,cascade
997,casey
1035,cash
2599,casie
190,caslow
3029,casper
2910,caspian
945,cass
386,cassi
979,cassidy
2781,cassie
1700,cat
1209,catherine
3318,ceasar
3362,ceaser
661,cece
643,ceci
223,cecil
3254,cecilia
66,cedar
3315,ceecee
774,ceiba
2518,celie
3714,cello
1833,cesar
788,cezar
3026,chacha
831,chaco
2434,chad
688,chaga
2638,chahta
1477,chai
1038,chaka
1371,chako
529,champ
2057,champion
3509,chance
2283,chancey
420,chandler
1631,chanel
2760,chaos
25,chapo
2916,chappie
1498,charlamagne
88,charlee
1011,charley
3428,charli
1435,charlie
3336,charliebrown
711,charliee
902,charlotte
3733,charly
3226,charmin
1394,charolette
337,chase
233,chauncey
3252,chay
3578,chaya
1259,chazz
924,cheeky
664,cheena
3219,cheetah
832,cheeto
1706,cheif
2387,chelsea
3210,chelsey
1483,chena
2242,chenega
2279,cheri
2850,cherizo
974,chernobyl
3335,cherokee
3654,cherry
1717,chester
260,chevy
446,chevyel
3721,chewawa
2682,chewbaca
779,chewbacca
549,chewbarka
2136,chewbella
3139,chewey
1830,chewie
412,chewy
2352,cheyenne
2120,chi
572,chiana
1362,chibi
68,chica
2079,chicago
2978,chichi
1439,chick
1269,chickadee
1935,chico
901,chicory
3429,chief
3143,chignik
1514,chika
16,chile
39,chili
1845,chilie
139,chilli
1843,ching
2522,chingiz
1716,chinnok
1489,chinobi
1682,chinook
495,chinta
3626,chio
3589,chip
3188,chips
1319,chiquita
502,chitu
120,chloe
2935,chocco
1479,chocho
2620,choco
2096,chocolat
960,cholo
2557,chomper
1383,choncho
2337,chook
2976,chop
994,chopper
2501,chorizo
3463,choza
1954,chris
3108,chrissy
427,chubbers
1806,chubbs
59,chubs
2686,chucho
2390,chuck
2517,chue
339,chugi
421,chula
852,chump
1618,chums
2039,chunk
1125,chunky
146,churro
2463,chuy
1967,ciara
2851,cicero
61,cici
519,cider
3723,cidlee
3758,cidley
1208,cinch
826,cinder
1363,cindy
3388,cinnamon
3285,cinny
3021,ciri
141,cisco
1813,claire
3255,clairee
2275,clam
3128,clark
1743,clay
1117,cleastwood
2142,cleco
2942,clementine
3206,cleo
2108,cleopatra
1413,cletus
439,clide
622,clifford
2466,clover
100,clutch
126,clyde
3672,co
2918,coach
3140,coal
3451,coalby
586,coast
3043,coaty
949,cobalt
1250,cochise
3514,coco
3389,cocoa
3645,coda
1910,cody
1572,coffee
2872,coho
3011,colby
67,cole
389,collis
1393,colt
1928,comet
748,cookie
877,cooper
2611,coosa
216,coota
3573,copa
1296,copper
3527,coqui
423,cora
3497,corby
2908,cordelia
2739,corey
1574,corky
3522,corona
3107,corporal
1017,corwin
1684,cosa
2988,cosma
1080,cosmo
1331,cotton
3562,cougar
47,couver
1384,couverden
554,covey
570,cowboy
1014,cowgirl
3205,cozy
1239,cozzy
1577,crackers
3190,crash
18,cricket
3373,crissy
2544,crouton
2893,crowley
2203,cruiser
1602,crunch
170,crush
3526,cruz
450,cruzier
3015,crystal
1530,cubby
1781,cuddie
464,cuddles
559,cuddy
2483,cuervo
1630,cujo
3534,cupcake
968,currie
2094,curtis
3082,cutie
3677,cutter
1796,cybil
348,cylus
674,cynder
1604,cyrus
2193,dae
1359,daevu
1159,daffy
3112,dagan
907,dagger
312,dagny
1805,dahndi
1120,daisey
1946,daisy
3680,dajak
3528,dakoda
2396,dakota
3747,dalai
0,dallas
574,damu
2325,dandelion
1904,danger
1883,dani
3161,danielle
3705,danikis
2285,danner
1132,danny
3243,daphne
2977,dapper
365,darby
2245,darcie
3366,darcy
2670,darius
3766,darlington
879,darth
1876,darwin
1537,dash
2933,dasha
2479,dasher
2648,daubi
3396,dave
484,davinchy
3110,davos
45,davros
3460,dawson
3448,dax
3704,day
3214,dayna
550,dayton
2348,dayz
1007,dazzle
3302,dean
2123,decker
1624,declan
973,dee
265,deedee
2432,deeohgee
109,deeva
1878,deezle
1732,degory
2773,dehavilland
2391,deigo
399,deisel
1156,deke
3491,del
2931,delanie
3508,delilah
2381,deliliah
1615,delko
2370,della
2355,delta
1731,delya
3070,demi
3155,demon
669,dempsey
2490,denahi
21,denali
1046,deneki
2350,derby
3173,derpy
2716,deschutes
3725,deshka
3260,desi
2001,desna
1826,dessa
653,destiny
2198,detroit
900,deuce
2072,devon
3709,dewbee
2656,dewey
3417,dewie
1551,dewy
1437,dex
2806,dexter
2527,dharma
2002,diamond
2980,diana
569,dibs
3602,dice
200,diddles
2794,diddley
2260,diego
302,diesel
3502,diez
1784,digger
1877,digong
1446,dillnger
2345,dillon
2127,dime
3300,dina
1507,dinah
301,ding
776,dingo
3374,dino
3537,diones
3003,dipper
493,dirk
1683,dirtie
2443,disco
1990,disney
2663,ditto
2874,diva
3607,diver
2027,dixa
2156,dixie
1605,dixon
875,dizzy
2310,dj
608,django
2802,dobby
3016,doc
3387,dodger
1712,dog
2489,doglas
656,dogmeat
2626,doja
1527,doji
1064,dolce
3735,dolche
611,dolla
1189,dolly
1520,domino
605,dominus
3045,donner
1888,donni
3732,donovan
1421,doobie
692,dooby
2877,doodle
1233,doogan
1552,dooley
1668,doozer
2379,doozey
366,dora
3601,dori
745,dorie
766,dory
3001,dot
349,dottie
1242,doug
3344,dougal
1663,doughnut
3574,dougie
2447,douglas
2073,dozer
480,dozzer
3746,draco
1197,dragon
2873,drake
1138,drako
2239,dranzer
3536,dream
3458,dred
1141,dregger
3048,droopy
681,druid
166,dubs
2319,duchess
3289,duck
1195,duckey
2100,duct
1749,dude
840,dudley
27,duffy
2701,dugan
503,dugas
2581,duke
628,dulce
429,dunai
1095,duncan
2529,dunzo
3264,durango
2221,dusty
1543,dutch
461,dutchess
458,dyggur
2418,dylan
1769,dyllon
1424,dylo
1713,dyna
848,easton
249,ebba
1085,ebert
934,ebi
922,ebony
2560,echo
267,eclair
3605,eddie
719,edison
3329,edna
1245,edward
3640,eeshan
1856,eetsa
52,eevee
3382,eggnog
1225,ehu
1562,eiffel
3044,eight
798,eileen
3294,ein
2149,einstein
2594,eisen
630,eklutna
230,elbe
2367,ele
2833,eleanor
1187,eleu
1320,elgin
1628,eli
3262,elijah
2215,elizabeth
2578,elke
1470,ella
460,ellera
1285,elli
3624,ellie
2762,elliot
3162,elliott
1714,ellsa
2538,elly
1581,elmo
3400,elo
2943,eloise
2116,elphaba
2899,elsa
2083,elsie
1854,elsu
2257,elvin
636,elvis
1092,elway
1603,ember
468,emillie
2343,emily
2890,emma
2304,emmet
1306,emmett
2151,emmitt
3215,emmy
103,enew
329,enuj
2154,enzo
1936,eowyn
79,equinox
3433,eris
179,ernie
1685,errow
1422,eska
3225,esker
3081,espicky
2206,espin
1218,essie
2981,ester
592,estrella
234,etta
1376,euro
1101,eva
3633,eve
3268,everest
753,evie
518,evo
1747,evvie
308,ezekiel
3585,faded
2713,fairbanks
1719,faith
3695,falco
3466,falcor
621,falkor
855,fancy
2507,fang
1820,fangsie
984,farley
1920,farrah
522,fatboy
1112,faukxie
431,faust
3501,faustino
3478,feena
3681,felix
37,fen
1638,fenway
2284,ferdinand
3688,fergus
1676,fern
1173,ferret
595,fezzik
3395,fido
3022,fieka
2969,fifi
683,fig
303,finch
2402,finlay
1573,finley
1611,finn
2922,finnegan
2550,finnigan
1885,fiona
316,firn
372,fischer
917,fishbones
1645,fisher
397,fitz
3496,fitzgerald
3131,fiyero
1972,fizzigig
212,flaca
532,flag
2092,flapjack
33,flash
3586,fletcher
2642,flicka
1475,flint
969,flintstone
1157,flip
1202,flopper
946,flossie
2577,flower
1975,floyd
1943,fluffy
2249,fly
2298,flynn
3203,ford
1746,forrest
585,forte
1557,fosbury
916,foster
1756,fox
2679,foxy
2832,francesca
3772,francis
1150,franco
2708,francois
2133,frank
1761,frankenstein
2697,frankie
3638,franklin
2186,frannie
1898,franny
392,frasier
1493,freckles
1310,fred
1392,freddie
1308,freddy
1329,fredy
2201,freedom
1548,freeway
3405,freida
3308,freya
1121,freyja
1940,frezno
2428,frida
188,friday
1396,fritz
2666,frodo
1146,frost
1960,frostie
1891,frosty
361,fry
1753,fudge
2235,fuji
3383,fujita
2227,furbee
77,fury
3765,fuzzy
3476,fyrne
1267,g
60,gabby
3646,gabe
553,gabriella
3471,gadget
977,gage
2939,gaia
1661,gail
1378,galan
1916,galaxy
2128,galena
325,gambit
612,ganda
752,gandalf
1298,gary
3442,gateway
1365,gatorr
2923,gatsby
1060,gauge
2889,gauru
2525,gedeon
383,gemini
1969,gemma
2024,gemmy
2281,geneva
3074,genevieve
978,geno
411,geo
578,george
932,georgette
2044,georgia
1041,georgie
1190,gergia
509,gertie
3409,gerty
539,ghandi
1108,ghost
758,giant
2979,gibbs
846,gibson
3566,gideon
1942,gidget
1955,gigi
463,gil
670,gilligan
1500,gimli
64,gina
3109,ginger
781,gingin
2270,ginjay
1966,ginny
1918,ginsberg
899,ginzee
2808,giovanni
1315,girdy
2503,girl
2749,girly
367,gizmo
2320,glacier
2875,glados
3201,gladyz
1932,glen
3492,glizzy
3563,glory
206,gnarly
3661,gnash
2664,goat
145,goblin
2523,godiva
414,gogi
2956,gogo
634,gohan
2134,goku
3475,goldie
3596,golfball
3372,goliath
2721,gonzo
3169,goober
2132,gooey
2287,goofy
2399,goon
1160,goose
1989,gordo
3284,gordon
3283,gordy
1855,gorgeous
1353,gorgonzola
3538,gorgy
3411,gorou
1089,gotti
1350,gouda
2803,grace
1648,graciann
2785,gracie
1837,grady
1793,graham
3390,granite
278,gravy
2401,great
2787,greta
289,gretta
176,grevious
754,greyce
3192,greyson
498,griffen
1343,griffey
3101,griffin
3320,grim
391,grimm
2264,griz
660,grizlee
1637,grizz
2296,grizzly
3434,grizzy
1559,gromit
2254,grommet
721,groot
1485,grover
2341,grumble
546,gryffin
1283,gryffindor
2117,guapo
2032,guardian
1027,guarrys
85,gucci
205,guinea
1622,guiness
3247,guinness
2659,gully
3174,gumbo
406,gunnar
1258,gunner
1266,gunny
734,gunter
162,gunther
12,gus
2061,gussy
665,gustavo
1268,guy
3689,gwenivere
1914,gwynn
802,gypsy
1740,haaheo
1722,hadies
3636,hadley
358,hagen
481,haggis
1086,hailey
773,haku
1480,halle
1286,halley
3594,hallie
2585,halo
1299,hamilton
603,hamish
3187,hamlet
2737,hammer
1778,hammond
2579,handsome
866,hank
106,hanna
749,hannah
2033,hannibal
2196,hans
3159,hansel
477,hanzo
3292,happy
2204,harky
3339,harley
433,harlie
966,harlow
736,harmon
1496,harmony
1768,harold
2125,harp
1821,harper
2098,harriett
3544,harrison
856,harry
598,harvee
3567,harvey
469,hatcher
2102,hathor
2378,hava
3160,havoc
2481,hawkeye
1192,hawley
583,hayden
153,hayduke
2828,haylee
3468,hazard
2651,haze
1203,hazel
2442,hazey
1029,healy
1621,heather
1026,hector
1848,heidi
1953,heidie
818,heiress
199,helena
1469,helios
2618,hemishmcduff
3145,hendricks
2321,hendrix
2455,heney
2946,henna
2596,hennessy
122,henrey
1175,henry
1287,hera
50,herbie
888,hercules
2975,hereford
1452,herman
28,hermes
3644,hermione
2531,hero
270,hershey
3736,higgs
822,himmel
2972,hiro
1135,hitch
697,hito
3485,hoagey
1838,hobbes
380,hobbs
2714,hobie
950,hobo
71,hodie
2007,hoji
731,hokie
3114,hokulani
1508,holly
2639,hollywood
1409,homer
898,hondo
838,honey
1815,honeybear
236,honeysuckle
515,hooch
261,hoodie
914,hooper
2212,hootch
2987,hoover
806,hope
2400,hopper
2295,hopps
713,hops
2959,horchata
3311,hornsby
3543,horst
3236,hoss
2966,hothar
362,hound
1803,howie
1010,hubert
1039,huck
9,huckleberry
95,hudson
925,huehue
2511,huey
3634,hugo
426,hundley
2826,hunee
1425,hunny
1578,hunter
3356,hurley
1780,hushe
2316,husker
276,hustler
2209,hutch
3469,huxley
3240,hyoja
2160,hyori
1873,hythy
351,icarus
2014,ice
2053,icee
3170,ichiro
6,icis
1036,icy
3217,ida
3630,iggy
2790,igneus
2903,igor
1441,ikaika
2015,ike
1261,ila
138,ilannaq
2632,iliamna
2491,illa
3604,indi
2181,indian
2952,indiana
3489,indie
2962,indigo
3051,indy
295,infinitey
828,ingrid
125,inigo
580,inky
186,innoko
1866,inti
3608,inu
1912,iorek
785,ira
1126,irie
860,iris
1984,irma
3505,isa
3579,isabel
2008,isabella
3259,isabelle
1154,isadora
1003,ishta
2687,isis
686,iskut
2152,isla
3330,isobel
1368,itachi
3134,itchigo
1312,itchy
2561,ivan
558,iver
3561,ivory
1937,ivy
2276,izabel
1099,izee
2947,izzabella
673,izzi
1705,izzie
2817,izzy
685,jabba
2214,jabber
1941,jables
3208,jack
1116,jackie
3238,jackson
718,jacob
588,jacopo
48,jacques
1253,jada
3649,jade
1829,jaden
1263,jaeger
1792,jager
2339,jagger
2606,jago
317,jaja
1651,jak
1358,jake
1212,jaku
942,james
619,jameson
2036,jamison
194,jane
2449,jango
2591,janie
1516,jarvis
1100,jasmin
1709,jasmine
2158,jasper
947,jax
395,jaxon
2444,jaxx
1658,jaxy
3610,jay
2881,jayda
2680,jayjay
1800,jaylyn
3018,jaytee
2705,jazmine
2584,jazz
912,jazzabel
1491,jazzalynn
1639,jazzie
507,jazzmin
3418,jazzy
456,jb
2194,jd
3075,jearek
2884,jeb
980,jebediah
2965,jedi
239,jeep
3399,jeffrey
3384,jekk
2615,jelly
2603,jemma
3165,jeni
2609,jenna
3042,jenny
1193,jerry
2409,jersey
1467,jesper
2487,jess
2985,jesse
1647,jessi
1103,jessica
3120,jessie
544,jet
22,jeter
555,jethro
2868,jett
976,jewel
723,jewels
3006,jezabelle
2932,jezebel
551,jiffy
2405,jill
3554,jillian
602,jimmy
1973,jingle
504,jingles
356,jinks
2267,jinx
1723,jinxie
1081,jiputa
691,jirou
254,jj
147,jjin
3124,joanie
2477,jobu
3357,jocko
730,jodi
1879,jodiee
1339,joe
3087,joey
3479,john
1961,johnny
639,jojo
514,joker
2303,jolene
2093,jolie
1763,jolly
3659,jolt
815,jonathan
2177,jones
2090,joni
3325,jordan
42,jose
3568,josephine
1001,josie
363,joy
1633,joyful
1281,jp
591,jubil
1998,jubilee
1744,jude
859,judge
2468,judy
3052,juenau
3342,jugernaut
2135,juice
862,juju
2274,jules
154,julia
2776,julie
1429,juliet
3430,julius
1367,june
1678,juneau
2326,junebug
528,junie
3754,junior
1289,juniper
1473,juno
1623,jupiter
2478,justine
1529,justy
1444,kaala
2841,kadee
2383,kahana
1448,kahlessi
1031,kahlua
1128,kahn
2993,kahntu
177,kai
3256,kaia
360,kaialani
1965,kaida
827,kaikea
2121,kailua
3447,kainani
2904,kaipo
108,kaiser
3299,kaisha
3768,kaisie
2342,kaiya
2719,kaizer
2230,kakko
2860,kaksi
1666,kala
3194,kali
2915,kaliah
332,kalina
3309,kalista
2793,kalli
2726,kallie
2046,kaluula
2991,kamea
837,kamora
3559,kanalaaq
1490,kanani
1461,kandor
3092,kane
1090,kanga
769,kangaroo
2200,kano
3057,kanu
417,kanuti
2095,kanye
2473,kaos
110,kappa
921,kappy
3078,karl
607,karma
2150,karry
1503,kash
2774,kashi
3472,kaske
237,kaskea
3359,kason
3652,kasper
2068,kassel
2435,kat
2099,katalla
1088,katana
2958,kate
3274,kati
1919,katianna
311,katie
1512,kato
2119,katy
556,kava
2783,kavik
402,kaya
2146,kayk
1949,kaylee
3729,kayma
2006,kazak
387,kazzie
1641,kc
159,kd
3323,keah
1122,keelo
2669,keeloni
996,keely
3404,keena
1025,keeneye
2654,keeper
1797,keesha
668,keester
36,keeta
2824,keetna
3137,keiko
955,keira
3058,keita
2460,keith
2467,kekoa
1632,keller
956,kelly
1460,kelsey
2741,kelty
865,ken
1571,kenai
768,kenia
829,kenley
1697,kenna
435,kenya
2521,kenzie
1284,keona
1736,kepler
881,kermit
1782,kerry
226,kershaw
1024,kess
1652,kesugi
401,keta
479,ketel
3774,kevin
637,keyara
1568,keyona
1626,khaleesi
1563,khalessi
1664,khali
2129,khalua
1532,khan
462,khatari
1555,khernal
3726,khloe
2936,khoda
3724,khole
3668,khumbu
2797,kia
2299,kiana
2867,kiaora
2180,kiaya
2649,kiba
3592,kiefer
2541,kiera
327,kiesha
2869,kijik
3064,kiki
1217,kikik
105,kiko
2734,kila
2792,kilah
3547,kilala
517,kiley
478,killer
3398,killian
1823,killua
2020,kilo
424,kilter
2926,kiltti
3127,kima
791,kimber
3364,kimchi
393,kimiko
250,kindle
1442,kineo
850,king
808,kingsley
1124,kingston
175,kinja
566,kinley
2539,kino
1391,kinsey
313,kintla
1687,kip
245,kipper
3637,kira
1346,kirby
3426,kisha
944,kiska
2736,kiski
3577,kismet
1317,kit
2583,kita
1662,kitty
2454,kiva
2563,kiwi
3517,kiyah
1147,kizzie
2300,kj
3593,klaus
2745,kleio
2941,klhoe
2493,klink
1561,kloee
1234,kluane
181,kneesa
2994,knightley
760,knik
3745,knotty
1549,knox
1341,knuckles
3115,koa
1478,koba
693,kobe
3740,kobie
1939,kobuk
1338,koby
3769,koda
1272,kodi
986,kodiak
3381,kodie
657,koduh
3005,kody
816,koga
3764,kohl
1200,kohu
3741,koi
377,koji
1526,kojo
2516,koko
2660,kokomo
1293,kokonut
19,kokoro
10,kolsch
2504,kolya
817,kona
2289,konai
1105,kondor
3443,kono
1646,konrad
371,kooper
2168,kooska
390,kora
415,korova
2621,kosma
3410,kosmo
2779,kota
2486,kotcha
2580,kotzebue
1963,koven
3027,kovic
3675,kovu
533,koyuk
1896,koyukuk
813,kozmo
1785,kozmos
1047,krash
2386,kratos
2317,krazee
1982,krishna
3071,krisko
527,kruze
2655,krystal
3619,kubel
1944,kubla
3126,kukla
1178,kuko
2799,kuku
3197,kukui
2139,kuli
1522,kulik
2815,kum
2610,kuma
374,kuna
3341,kupaa
2640,kuro
1945,kusko
275,kuwaih
1194,kuzco
2740,ky
3370,kya
1994,kyla
2948,kylie
3461,kymber
2624,kymi
2288,kyna
3570,kyra
1037,kysa
201,lace
1612,lacey
3393,laci
2406,lacy
369,laddy
359,lady
467,ladydog
2048,laika
891,laka
2526,laker
1762,lala
53,lambeau
3464,lana
1333,lance
3743,lancer
1870,lando
584,landon
3406,laney
404,lani
174,lapka
3627,laptop
3483,lara
2244,larryspicoli
3462,larsen
2530,laska
1545,lassie
716,latte
3520,lauren
733,laycee
538,layla
1880,laylee
1533,laylo
3753,layne
290,ld
2488,lea
3040,leah
3009,leasha
3093,lee
1957,leela
1930,lefty
2861,legend
1991,lego
2226,leia
419,leila
2293,lemieux
959,lemmy
2652,lena
1617,lenny
803,leo
982,leonardo
213,leonites
1729,leopold
1395,leroy
1979,leuleu
646,levi
1502,lewis
1083,lex
2290,lexe
3350,lexi
3419,lexie
1976,lhotse
2431,liam
1993,libby
2999,liberty
3152,licorice
1764,liebe
1199,liena
296,lieutenant
1715,life
1974,lightning
2397,lii
1619,lil
1528,lila
3535,lilah
1575,lili
1096,lilith
1171,lilli
1923,lillianna
2017,lilly
217,lily
2097,lina
2722,lincoln
1582,linda
2258,lindsey
540,link
1020,linq
167,linus
2495,listo
1186,little
1752,livadia
1445,liver
152,lizzie
2612,lizzy
2330,loaf
3412,lobo
2273,logan
1783,loki
2138,lola
2081,lolly
3340,lomax
1427,lona
436,london
2703,lono
3198,lootka
1049,lou
729,louie
394,louis
2155,louise
3121,lovee
3696,lovey
2118,lowkey
2301,luca
3598,lucas
3125,lucca
227,luce
1585,lucia
746,lucille
645,lucky
1589,lucy
1252,ludo
1858,luey
3122,lug
137,luigi
3728,luka
575,luke
209,lukka
310,lula
3000,lulabell
2332,lulla
3465,lulu
1906,lumi
1180,luna
2756,lupa
842,lupin
3394,lupine
3748,luthien
2374,lutke
617,luxor
2635,lycos
2169,lyko
742,lyla
3660,lynx
131,lyra
2883,lyric
346,lyud
3233,mabel
3622,mac
3200,macarthur
1893,mace
987,maceo
211,macey
3265,macguiver
3239,macgyver
3756,macho
3712,macie
2970,mack
981,mackenzie
3345,mackey
3297,macy
905,maddi
2070,maddie
242,maddison
3319,maddux
2961,maddy
3049,madi
1659,madison
74,mae
442,maebell
2514,maeve
928,maevis
2706,maggie
3324,magic
2041,magnolia
54,magnum
845,magpie
291,mags
2699,mahees
915,mahli
2573,maia
410,maile
2371,mainard
2613,maisie
3455,maisy
1814,maizy
1198,major
1859,maka
3282,makana
318,makarora
3073,makena
2161,mako
92,maksim
2476,makushin
2847,mal
1137,malakai
448,malenko
2906,mali
155,malibu
3085,malla
1184,malley
2446,malo
3290,mamas
738,mamba
2131,mandy
2087,mango
2143,manley
698,manu
1635,manuka
2433,maple
2937,mara
1594,marcell
547,marco
931,marcus
830,margo
1564,maria
557,mariah
279,marie
2262,mario
2512,marishka
873,marker
3503,marlee
2457,marley
958,marli
1758,marron
255,marsha
2034,marshall
1462,marshmallow
1115,marshmellow
2086,marsy
701,martha
3136,marti
1091,martin
3367,martina
2919,marty
2456,marvi
3558,marvin
3698,mary
1699,mason
1191,matanuska
2327,mateo
1933,matilda
1809,mattie
2546,maui
409,maurice
3670,mausi
3306,mauvi
2843,maverick
3250,mavis
459,max
1344,maxi
3132,maxie
1040,maximillian
1695,maximillion
434,maximus
3682,maximusmax
1495,maxwell
1246,maxx
1276,may
2575,maya
918,mazel
2498,mazy
3317,mccoy
1610,mcgyver
1131,mckenna
2162,mckenzie
1273,mckinley
3010,meadow
1213,meatball
1724,meathead
2554,meatloaf
3376,meaty
755,mecade
445,mecho
2336,medina
142,meekah
2362,meeko
2250,meg
3296,megan
81,meho
451,meisha
1779,meka
183,meki
1759,mel
2035,melissa
2360,mella
1680,melly
871,melo
2076,memphis
2689,mercedes
3123,mercy
2184,merica
2141,merle
521,merlin
1237,mermento
195,merrill
1290,merry
2252,mesa
187,meshach
3773,mia
87,micah
2410,michelle
2189,mick
1161,mickchoi
3493,mickey
2153,micky
1443,midas
2885,midge
1720,midna
2190,midnight
1111,midori
814,mieko
3166,miemie
1824,mika
3715,mike
3133,mikey
1297,miki
1019,mikka
1182,mikki
797,mila
56,milena
1332,miles
2537,miley
1864,milka
2439,millie
2528,milly
3012,milo
1894,mimi
43,mimmy
2210,mina
1166,mindi
3267,mindy
3595,miner
961,ming
2597,mingin
2294,mini
948,minion
466,minji
2816,minka
3035,minnie
1938,minnow
2895,minx
2688,miome
2025,mira
1544,mischief
3180,misfit
1570,misha
3183,mishaa
2996,mishka
2694,miska
3510,miss
2045,missy
795,mister
1059,misty
2534,mitah
273,mitsky
2351,mittie
2484,mitzie
2165,mixim
1004,miya
3253,miyah
724,mizuki
778,mj
562,mkayla
1449,mlo
2683,moab
2720,moana
2755,moby
1531,moca
164,mocha
1301,mochi
3397,moe
287,mojo
41,moki
2147,molakai
2240,mollie
204,molly
709,molni
990,mona
2037,monaco
2340,mongo
82,monkey
571,monster
3436,monte
909,monty
1219,moo
1048,mooji
2727,mookie
2835,moon
102,moonshine
3378,moose
1433,moosha
926,mooshka
1704,moosie
2934,mora
938,moremi
599,morgan
1369,moro
1021,morrie
1980,morty
1950,mosa
3569,mosbie
3090,moses
2112,mosi
1349,mosin
3286,motcho
823,motley
2949,mousse
347,moxie
740,mozzie
452,mr
2643,ms
3105,mu
929,mudge
2684,muesli
1188,mufasa
1667,muffin
115,mulder
375,mully
1922,mumford
2364,muppet
962,murdoch
2562,murphy
3617,murray
1295,muscoto
843,musey
3771,mushu
1504,mustang
1798,musti
1054,mya
315,myah
2028,myles
2542,mylo
638,myra
1155,myrna
1497,mystique
111,naaz
3699,nabi
3069,nacho
2331,nadia
1387,naga
2661,nahkohe
3532,nahla
2831,naia
1201,nails
2062,naki
3230,nakiski
2349,nakita
3683,nala
1151,nalah
3175,naldo
662,namaste
1215,nana
3277,nancy
3106,nanook
3246,nantahala
1513,nanug
1335,napali
3037,napoleon
764,natalya
2171,natasha
3467,natchiq
2751,nathlie
2031,nava
3013,navi
1554,naya
2770,nayla
3642,naz
487,neca
1078,neeko
1985,neesa
2110,neesha
1849,neffer
2026,neko
1693,nelchina
623,nelli
3529,nellie
3242,nemo
1842,nena
2723,neno
2313,neo
3413,nero
1850,nerre
304,nessie
2905,nestle
1772,netti
2438,neve
1417,neville
2237,nevin
3041,newbie
3731,newton
640,nibbler
3312,nicholas
2416,nicki
80,nickolas
3606,nico
2311,niffler
243,nigel
939,nika
684,nike
890,nikiski
1819,nikita
951,nikki
1777,nikko
513,niko
3556,nikolai
2043,nila
2148,nilchik
443,niles
293,nilla
2678,nimh
2645,nina
1366,niner
379,ninja
3486,niska
3542,nitro
2616,nixon
801,noah
1902,noble
964,nocta
1107,nodens
3031,noel
1599,noelle
1691,nollaig
3153,nomar
333,noodle
1770,noodles
535,nookah
3656,nooshka
793,nora
324,nori
1164,norm
868,norman
3459,norse
1097,north
626,nosegoes
2246,nossi
2016,nova
1927,novi
1426,nugget
132,nuka
2674,nukka
2759,nuna
2202,nunatak
3199,nuri
228,nushka
2818,nusya
744,nutmeg
809,nuya
3220,nyea
1606,nyke
2964,nyla
1538,nyssa
430,nyx
1340,oakie
3186,oakley
1401,oaxaca
246,obi
2419,obie
1725,obiwan
2286,obol
1205,ocean
3513,ocho
1127,octavious
116,octo
482,odell
1836,oderus
224,odie
3295,odin
2838,odo
3446,odysseus
266,oggie
407,ogun
910,oh
1136,ohtli
625,ojitos
564,okee
2876,ola
3314,olaf
2103,old
1892,ole
3710,oli
1451,olie
94,olive
1738,oliver
3548,oliverfenway
2807,olivia
577,olli
2598,ollie
1430,olly
3739,olsen
1947,oly
2261,olympus
3657,oma
2361,omar
1009,onyx
1337,ooka
880,ooljee
878,oona
1765,ooshka
2233,ophelia
1076,opie
3216,optimus
1698,opus
3033,orca
1106,oreo
2297,orion
3008,orka
2088,orly
1560,orphie
2243,orre
2552,orso
2234,orson
3662,orvis
2011,orzo
1280,osa
2747,oscar
1210,osha
3628,oshie
3408,osito
1921,oslo
1265,oso
2757,oti
849,otis
161,otter
492,ottie
1546,ottis
127,otto
1907,oxylus
416,ozzie
2000,ozzy
3177,pablo
2864,pacha
1013,paco
148,padamae
2199,paddington
3706,padme
770,page
2960,paisley
2513,paley
3511,palin
4,palo
887,paloopa
2415,panch
1929,pancho
1852,panda
1139,pandora
824,panini
1282,panther
3135,panzer
2003,papi
3334,paris
1304,parker
156,patch
2927,patches
2292,paterson
284,patience
150,patriot
2502,patsy
1458,patti
307,patton
1754,pax
2989,paxon
1509,paxson
2646,payaso
483,pea
3088,peabody
2333,peaches
3207,peak
2863,peanut
3355,peanutbutter
1822,pearl
2535,peasley
2187,peat
3209,pebbles
1511,pedro
1149,peebody
1140,peekaboo
403,peekay
3007,peggy
2809,pelle
3734,pelly
1406,penelope
3480,penni
710,pennie
3427,penny
1869,pennywolf
2005,pepa
2780,pepe
1550,pepper
274,peppermint
1061,pepsi
2871,per
3146,percy
2496,perdita
1598,perry
1959,peru
2224,pesky
1464,peso
3590,pesto
3679,peta
2839,pete
1326,petee
2668,peter
2963,petey
1634,petie
523,petra
330,peysa
1679,peyton
3380,pheobe
49,pheonix
1499,phil
3185,phillip
2499,philly
1702,phinneas
1584,phoebe
1204,phoenix
2600,photon
3,phyllis
3084,pi
2385,picard
3687,piccola
1588,pickles
1251,pico
2115,pierre
786,pigeon
3730,piggles
288,piglet
3298,pika
3530,pikachu
613,pilar
449,pilot
3316,pimento
1463,pinkie
1523,pint
2804,piper
1986,pippa
772,pippen
1119,pippi
1230,pippin
1595,pistol
3163,pita
2437,pixel
1671,pixie
3755,pj
2704,placer
1235,plato
1956,playa
2500,player
2929,pliny
62,pluto
1672,pocca
2216,pochi
299,pocket
2280,poco
2029,podnck
1264,poe
2417,pokey
728,pokitz
2425,poky
1501,pola
3401,polar
537,polaris
2251,poldi
24,polly
3546,polu
2013,poncho
425,pong
1871,pongo
903,ponyo
3234,poochie
1379,pookah
2265,pookie
2917,pooky
706,poopie
2354,poopy
340,popo
2126,poppy
1586,pork
1390,porkchop
1988,porscha
2657,porter
650,porthos
2113,poseidan
2955,potter
58,pownd
2101,poyka
1300,prancer
193,precious
1970,presto
1708,pretzel
2223,prim
321,primrose
2765,prince
3129,princess
1657,princeton
1655,prissy
34,prudhoe
834,psych
1118,pua
524,puako
2742,puck
1327,pucker
2630,puddle
953,puerquito
1351,puff
735,puffin
1681,pugsley
2236,pugsy
3445,puk
2268,puku
2627,puma
2914,pumpkin
1431,punk
2175,punkin
2382,punky
3098,punzi
2465,puppy
2018,purdy
1895,purple
804,putter
672,puzzles
2411,py
3181,q
3770,qi
3083,qivliq
2772,quartz
508,que
3279,queen
3343,queenie
3221,queeny
1372,quessi
189,quest
3346,quiana
3375,quigley
1665,quill
130,quincy
3697,quinn
3631,quoyle
1506,rachel
1983,radar
3313,raedo
1042,raggs
2928,ragnar
750,raider
3117,rain
1851,raina
253,raine
1185,rainfly
2731,rainy
3549,raivo
3425,raj
2954,raleigh
72,rally
3456,rambo
2565,ramon
2314,ramona
1565,rampage
2183,ramsey
3231,rand
2590,randall
1000,randy
2023,ranger
2879,rangitikei
485,ransom
113,rascal
857,rasta
1043,rat
2811,ratchet
2392,raton
3369,raven
2173,rawley
2219,rayann
198,raynie
1539,raz
3423,raza
1718,razee
3130,razor
323,razzle
581,reaha
2414,reba
3504,rebel
3261,recoil
3148,recon
796,red
2570,reef
3403,reese
680,reeses
999,reggie
784,reginald
1223,reidell
1471,reign
1416,reiker
3059,reiley
1766,reka
696,reload
1018,remey
2676,remi
548,remington
354,remmy
3669,remus
1249,remy
541,rena
2990,reni
892,renny
3757,reptar
1978,revolver
1303,rex
3156,rexi
1169,reyes
1254,reyna
35,rhaegal
3550,rhaeger
494,rhaetia
2277,rhea
1373,rhee
133,rhodie
694,rhu
2448,rhubarb
1176,ribbon
1948,richter
381,rick
3600,ricki
1407,ricky
811,rico
1817,ricoo
2608,riddle
1760,ridley
3738,rifle
370,rigby
631,riggins
258,riggs
2217,rigley
2728,rikkey
810,riku
1129,rilee
1222,riley
2109,rilian
2691,rincon
861,ringo
101,rio
3470,rip
2576,ripley
277,ripper
3621,ripple
1314,riptide
2733,risky
983,risu
935,rita
2211,river
1177,rivers
1799,rivet
904,rizzle
382,rizzo
2951,rj
1226,roanoke
2157,roark
610,robbie
3060,robby
376,robin
3248,roby
2191,rocco
2084,rock
1142,rocket
812,rockett
3684,rockie
2653,rocko
2788,rocks
1703,rocksie
777,rockwell
1345,rocky
3494,roddy
854,rodey
1580,rodrigo
286,roe
1494,roger
500,rogue
3707,rohn
3551,roie
1418,roisin
1741,roky
2974,roland
967,rolex
2886,rollo
3692,rolly
534,rolo
3759,roma
2671,romac
1153,roman
3039,romany
2213,romeo
2830,romo
1669,ron
165,ronan
1207,rondo
2373,rondy
883,ronen
3521,roni
2595,roo
847,rooney
57,rori
1377,rosa
2179,rosaline
447,rosco
606,roscoe
2846,rose
2805,rosebud
1419,rosee
2628,rosemary
1388,rosetta
3263,rosey
1016,rosie
264,ross
2768,rossi
1241,rouge
44,roulette
3020,rousey
2853,rowdey
1453,rowdy
3034,rowzer
1811,roxi
2307,roxie
536,roxii
350,roxxy
1450,roxy
1742,roy
3079,royal
2063,rozsa
2047,rubble
1183,ruben
1881,rubert
3676,rubio
197,ruby
757,ruca
771,ruckee
3744,ruckus
2844,rudder
2197,rudi
1728,rudolph
3002,rudy
40,rue
3076,ruffalo
17,rufus
124,ruger
3533,ruggles
1968,ruhig
3720,ruka
2901,rula
388,rumble
3603,rupert
29,russel
3096,russell
1336,rustler
2898,rusty
717,ruthie
73,ryder
677,ryker
1609,rylee
2375,s
89,sabaka
2692,sabbath
1613,saber
244,sabine
184,sable
587,sabre
2724,sabrina
1034,sabur
1987,sachi
1901,sadie
1707,saffron
906,sage
1686,saidah
2819,saige
2497,sailish
2707,sailor
2019,saint
1649,saka
1840,sakari
1322,sake
222,saki
191,sako
496,sakura
725,sala
1913,salcha
552,salem
525,sally
2485,salty
2786,sam
874,samantha
235,samara
1434,samba
3086,sambo
751,sami
952,sammi
2902,sammie
1361,sammy
3643,sampson
3416,samson
3701,samuel
2282,samurai
2130,sancho
75,sandie
2263,sandy
2164,santiago
3157,santino
1540,sanz
1775,sapper
2791,sapphire
2312,sara
1915,sarafina
405,sarah
1952,sarge
3498,sargent
1457,saroo
3142,sascha
2995,sasha
84,saskia
3224,sassy
2366,satchel
679,sativa
1068,sato
633,savage
470,savannah
3068,sawyer
2730,saya
1828,saydee
2393,scamp
2305,scampy
2363,scarface
15,scarlet
511,scarlett
3347,schatzi
3663,schatzy
1519,schnitzel
123,schooner
1227,schroeder
3760,schuler
1596,schwarz
2602,scooby
3488,scooter
454,scout
2798,scrappy
1181,scraps
3667,scratch
3288,screwball
1240,scruffy
1158,scruggs
2436,scully
3095,seabro
589,seamore
2715,seamus
609,sebastian
1354,sedona
2445,seeley
2865,senetori
930,sequoia
3332,sergeant
1114,servet
3711,sesolik
2475,seth
3257,severas
13,shablu
2207,shack
185,shadow
268,shady
3560,shae
3337,shag
1690,shaggy
2269,shahara
2308,shai
1144,shakespeare
2601,shakie
655,shana
593,shane
1454,shannon
1334,shanook
3358,sharkey
3046,sharpie
129,shasha
975,shasta
1607,shawn
2533,shawni
1790,shay
3678,shayla
285,shea
1674,sheba
2984,shebah
576,sheeba
2413,sheebah
3588,sheena
542,sheep
501,sheia
3391,sheila
2744,shelby
422,sheldon
2717,shell
1260,shelly
1576,shep
2896,sherlock
1075,sherman
1466,sherpa
702,shiba
112,shilo
3019,shiloh
440,shine
262,shinook
3653,shippo
1518,shira
2452,shirley
3354,shoeshine
1774,shokan
3331,shooter
97,shorti
344,shorty
428,shoshana
2854,shufti
2761,shyla
471,shylo
1601,shytia
2380,sid
700,sidney
1517,sienna
3305,sierra
1216,sig
671,signe
2849,siku
306,silas
2174,silkie
3287,silver
1405,silvie
486,simba
96,simcoe
1995,simka
3223,simon
1074,sin
2777,sina
1236,sinew
632,sinjin
835,sir
1291,siri
3097,sirius
2909,sisco
3750,sissy
3431,sisu
1643,sita
2729,sitka
3158,skadi
2614,skadthi
1130,skagit
1436,skeeter
1440,skeez
1270,skeezix
2834,ski
2924,skiff
2647,skimo
3138,skip
497,skipper
173,skippy
2634,skoda
3664,skookum
3402,skotito
2532,sky
3516,skye
300,skylar
3665,slappy
119,slater
280,sleepy
444,slinky
3119,sloopy
1579,sluice
872,smash
3421,smike
666,smokey
2857,smokin
219,smoky
192,smooth
396,smudge
911,snew
1015,snickerdoodl
1370,snickers
2170,snipe
2315,sniper
1257,snookie
765,snoop
616,snoopy
182,snort
821,snow
2357,snowball
3176,snowee
3767,snowflake
3063,snowfly
1553,snowy
104,snuffy
2836,snuggles
3541,sochi
1165,socks
3227,soda
3275,sofia
2870,sofie
2913,sohpie
114,solar
98,soldier
3495,soli
1886,solo
408,sonic
2658,sonja
1415,sonne
3080,sonnie
579,sonny
699,sonoma
2796,sonya
31,sookie
1053,sophia
1423,sophie
2471,sora
3204,souji
3666,sounder
1087,sox
38,spanky
2604,spark
893,sparkle
2925,sparkles
2266,sparks
2042,sparky
957,sparley
2054,sparrow
3507,sparticus
1734,spaz
647,spec
1900,speck
1057,speckles
2218,speedy
3618,spencer
841,spice
963,spider
919,spike
3454,spikes
1794,spirit
737,spitfire
2474,spock
2040,spook
2586,spot
3276,spotan
573,spree
3500,spring
1971,springz
908,spritzen
441,sprocket
2247,spruce
1292,spud
1515,spudd
3506,spuds
1381,squall
118,square
221,squeek
2384,squirrel
2636,stache
3100,staley
1593,stampie
3379,stanley
689,star
972,starbuck
2358,stark
1070,starshine
1905,starsky
1404,steel
565,stein
3272,stella
3228,steve
2167,stevie
2461,stitch
3525,stoney
1650,storm
3751,stormer
1356,stormie
1244,stormy
3004,stout
2897,stretch
2453,striker
1521,stryder
2492,stryker
799,stuart
473,stubbs
3363,stunner
870,subie
3273,sue
1231,sugar
3184,suka
345,suki
334,sulli
2892,sullivan
2622,sully
475,sulu
1008,sumitt
2220,summer
1677,summit
229,sundance
3539,sunnie
2356,sunny
3211,sunshine
2545,surri
3149,susie
1608,suzi
3599,suzie
3420,suzy
2104,sven
3266,sweeney
1653,sweet
172,sweetheart
2983,sweetie
1853,sweety
1420,swettie
2559,swiper
3717,swiss
368,swivel
2012,sydney
2641,sylar
3017,sylvie
305,synch
1167,syrah
2508,tackla
1911,taco
965,taeshia
2725,taitti
1468,taj
2505,taka
884,taku
3713,talachulitna
596,tali
178,talia
1535,talin
3094,talluah
1925,tallulah
2398,tally
3189,tami
3674,tana
271,tanaina
1316,tanando
2412,tangie
2056,tango
3763,tank
1228,tanky
1347,tanna
894,tanny
505,tanza
1860,tapper
78,tara
2318,targa
413,target
1323,tark
2122,tarkus
3762,tasha
1278,tater
2038,tatia
1964,tatiana
251,tatiyanna
2848,tavish
3580,tawny
3360,taylor
144,taz
2451,tazer
2430,tazi
3249,tazlina
357,tazo
1882,tazz
2829,tazzee
1324,tazzie
3032,tbone
418,teacup
2450,teagan
526,teal
69,tebow
614,teckla
355,ted
920,teddi
1012,teddy
294,teeka
2681,teete
257,tegan
954,teine
1726,tek
2049,teko
76,tekona
2812,telly
210,tenakee
30,tennessee
232,terra
2404,tesla
2712,tess
3030,tessa
2111,tetsuo
91,teva
1062,tezi
207,thanos
1094,the
476,thea
2754,theadora
1274,thenos
1172,theo
3303,theodore
3104,theofreedom
1875,thomas
3519,thor
1890,thora
2543,thoryn
2060,thunder
3629,tia
1865,tiana
3512,tiberius
7,tibet
2256,ticani
3237,tidbit
1309,tierria
998,tiger
252,tigey
2820,tigger
400,tiggy
3761,tika
3477,tikaani
3167,tikani
269,tiki
3271,tikka
543,tikki
3552,tila
1733,tillamook
3523,tilly
2900,tilt
3691,timba
3028,timber
1400,timbre
1592,timmy
582,timothy
2188,tina
3353,tingnoi
1374,tingting
2241,tink
1398,tinka
759,tinker
2644,tinkerbell
86,tinkerbella
568,tino
2992,tiny
3457,tip
1802,tipper
1044,tippy
3441,tishka
2231,titan
1211,tito
1050,titus
2623,tiva
3023,tk
3144,toast
833,toasty
2677,tobey
2302,tobias
107,tobin
336,toblerone
641,tobo
2078,toby
2185,tod
93,togo
1325,toji
2619,tok
1846,toki
2377,toklat
3099,toli
1328,tolmin
1981,tomodashi
3482,tonka
134,tonks
1492,tonto
3072,too
726,toot
2394,tootsie
46,topo
1002,topper
3614,tori
2858,toro
995,torpedo
3414,toshi
1644,toto
2547,tovia
2329,towelie
1556,towzer
3278,toya
1077,tracker
2767,tracy
3639,trango
3432,trapper
3377,traveler
1255,trax
1737,tre
615,trex
991,trey
2420,trickie
3066,tricksie
2278,trigger
326,trinity
3484,trip
988,triscuit
241,trixie
2421,trooper
3047,trouble
1767,trouper
1730,trout
2238,troy
1773,truck
2066,trudy
2795,true
1163,truffle
739,truffles
1063,trump
2607,trygg
971,tryp
3499,tsuga
151,tsunami
2605,tubby
2137,tubs
2567,tuck
1380,tucker
231,tuesday
2069,tuffy
1438,tugarus
272,tugg
3620,tuk
1104,tuko
1816,tula
3474,tulla
225,tully
335,tumi
2845,tuna
1801,tundra
2548,tupe
2930,tupin
720,turbo
783,turk
2140,turkey
940,turkish
1999,turtle
3024,tusker
727,tutsi
1022,tux
2592,tuxedo
2800,tuyuk
2395,twiggy
2055,twilight
2667,twink
2690,twinky
3531,twister
1028,twitter
3281,twix
1541,ty
1110,tycho
506,tyrone
1558,tyson
20,ugly
1465,ulbrecht
3258,ulla
1482,ullar
756,uller
2422,uma
1640,umbro
208,una
1832,ursa
3168,ursus
2159,uszka
3196,vader
2524,valentino
2887,valerie
1745,valley
196,valor
2388,van
1428,vanilla
1924,vaughn
3440,vella
3702,velma
2569,venn
1839,venny
1275,venta
2515,venti
896,venus
1294,verde
341,vern
3565,verona
2065,vespa
1214,vesper
2472,via
2022,victoria
2248,vida
3591,vienna
1271,vigo
642,viking
1302,vincent
3038,vincenzo
1710,violet
1082,vito
590,vivian
1861,vj
378,vladimir
1206,volta
1256,voodoo
658,wabb
1066,waffles
762,waldo
1321,walle
2052,walley
743,wally
1412,walnut
2700,walter
654,ward
338,warlopck
989,warren
2945,watson
3065,waylon
1688,weasel
876,weatherby
1229,webley
2408,wednesday
2229,weenie
3727,welby
1625,weller
1748,wellington
1825,wendell
171,wensley
1696,west
1739,westwood
2555,wheezy
704,whimsy
2144,whinnie
3307,whirrley
2074,whiskey
853,whisper
3424,whitney
2553,wicket
3407,wiggles
2344,wilbert
2695,wilbur
1776,wile
2920,wiley
675,wilhelmina
3385,will
1872,willa
1408,william
648,willie
2944,willis
3584,williwaw
2114,willoughby
3141,willow
160,wills
1566,willy
1032,wilma
1067,wilson
3581,wimbly
1006,winchester
3415,winnie
2888,winnifred
2556,winston
1962,winter
1810,wolfe
1348,wolfie
3515,wonder
1113,woodrow
1897,woody
2998,wookie
8,wookiee
3671,wootie
240,wopper
1675,wrangell
1951,wrangler
3077,wren
256,wrigley
2827,wrinkles
1472,wula
1487,wyatt
2784,wynn
3338,wynnie
2309,x
2176,xaadas
1402,xan
2986,xanady
3151,xander
2859,xena
1835,xerxes
1403,xina
3742,xun
1670,xyla
1831,yager
1597,yalla
1620,yara
263,yarrow
491,yayo
2403,yentra
2907,yeti
1170,yippee
867,yksi
2376,yobo
2163,yoda
1375,yogi
560,yola
1307,yoli
1807,yonah
1542,yugi
2753,yuki
2051,yukon
282,yum
3322,yuma
488,yumi
2571,yuuko
1382,yzma
3352,zack
1399,zader
1847,zadie
1030,zaha
1884,zaire
320,zak
825,zambi
2685,zambo
2009,zander
2359,zane
2080,zara
3623,zayca
1168,zazee
885,zeb
3349,zeek
2837,zeeke
747,zeevah
913,zeisha
3154,zeke
1997,zelda
1727,zen
1788,zena
2982,zepher
3490,zephyr
3449,zeppelin
3116,zero
2746,zeury
651,zeus
2407,zeva
1510,zeya
2629,ziesa
1459,ziggs
3147,ziggy
652,zili
1069,zilker
32,zima
707,zion
1432,zip
14,zippo
800,zippy
512,ziva
2334,zoe
1486,zoey
3716,zona
2878,zooie
3333,zora
3025,zorba
1867,zorra
3193,zorro
620,zotter
2672,zoya
3182,zsa
3368,zuila
352,zuni
2030,zuri
1355,zuzu
